<?xml version="1.0" encoding="UTF-8"?>
<!DOCTYPE fontscolors PUBLIC "-//NetBeans//DTD Editor Fonts and Colors settings 1.1//EN" "http://www.netbeans.org/dtds/EditorFontsColors-1_1.dtd">
<fontscolors>
    <fontcolor default="field" foreColor="ff01cc66" name="mod-field"/>
    <fontcolor default="abstract" name="mod-abstract"/>
    <fontcolor default="keyword" name="mod-keyword"/>
    <fontcolor default="class" foreColor="ff00cccc" name="mod-class">
        <font style="bold"/>
    </fontcolor>
    <fontcolor default="method" foreColor="yellow" name="mod-method">
        <font style="bold"/>
    </fontcolor>
    <fontcolor default="interface" foreColor="ff00cccc" name="mod-interface">
        <font style="bold"/>
    </fontcolor>
    <fontcolor default="interface" foreColor="magenta" name="mod-annotation-type-declaration"/>
    <fontcolor default="method" foreColor="yellow" name="mod-method-declaration">
        <font style="bold"/>
    </fontcolor>
    <fontcolor default="interface" foreColor="ff00cccc" name="mod-interface-declaration"/>
    <fontcolor default="identifier" name="mod-module-declaration">
        <font style="bold"/>
    </fontcolor>
    <fontcolor default="constructor" foreColor="pink" name="mod-constructor-declaration">
        <font style="bold"/>
    </fontcolor>
    <fontcolor default="enum" foreColor="ff00cccc" name="mod-enum"/>
    <fontcolor default="enum" foreColor="ff00cccc" name="mod-enum-declaration"/>
    <fontcolor default="class" foreColor="ff00cccc" name="mod-class-declaration">
        <font style="bold"/>
    </fontcolor>
    <fontcolor default="interface" foreColor="magenta" name="mod-annotation-type"/>
    <fontcolor default="constructor" foreColor="pink" name="mod-constructor">
        <font style="bold"/>
    </fontcolor>
    <fontcolor default="identifier" name="mod-module"/>
    <fontcolor default="field" foreColor="ff00cc66" name="mod-field-declaration"/>
</fontscolors>
